Region.Name,1990.5,1991.5,1992.5,1993.5,1994.5,1995.5,1996.5,1997.5,1998.5,1999.5,2000.5,2001.5,2002.5,2003.5,2004.5,2005.5,2006.5,2007.5,2008.5,2009.5,2010.5,2011.5,2012.5,2013.5,2014.5,2015.5,2016.5,2017.5,2018.5,2019.5,2020.5,2021.5
Landlocked developing countries,167.0614,164.822,162.7679,161.2435,162.3344,155.0526,151.7127,148.6099,144.9839,140.7344,135.8394,130.357,124.5483,118.628,112.6871,107.0215,101.751,96.7214,91.859,87.4196,83.3143,79.6224,76.0458,72.7483,69.8582,67.3011,64.8649,62.8573,60.8472,58.9498,57.2073,55.7039
Small island developing States,76.8461,75.1958,73.6773,72.0216,70.405,68.5043,67.1235,65.0596,63.5115,61.9766,60.3107,59.2141,57.7114,56.4822,55.5224,54.5342,53.5959,52.41,50.8401,49.3816,59.6737,47.0594,46.0231,45.1305,44.1586,43.129,42.5455,41.774,40.7229,39.8651,38.8759,37.8665
Europe and Northern America,14.1996,13.6623,13.2123,12.7414,12.3014,11.8129,11.3487,10.9102,10.4996,10.0455,9.6704,9.374,9.1025,8.8068,8.4969,8.1773,7.8649,7.593,7.35,7.1345,6.9172,6.7395,6.5924,6.4379,6.2573,6.0631,5.8567,5.6546,5.4789,5.3214,5.1778,5.0517
Northern America,10.9485,10.6075,10.2489,9.8908,9.5511,9.2405,8.9711,8.7484,8.5639,8.4087,8.284,8.171,8.0767,7.9932,7.9116,7.8229,7.7239,7.606,7.4755,7.3379,7.2008,7.0707,6.9521,6.8481,6.7558,6.6722,6.5897,6.5034,6.416,6.3282,6.2338,6.1332
Europe,15.7897,15.202,14.7499,14.2663,13.8021,13.2428,12.6826,12.1337,11.62,11.014,10.5011,10.0972,9.7156,9.2918,8.8436,8.3873,7.9489,7.5858,7.2811,7.0235,6.7663,6.5618,6.4008,6.2159,5.9863,5.7306,5.4577,5.1819,4.9491,4.7384,4.5627,4.4085
Latin America and the Caribbean,54.9055,52.533,50.1365,47.7747,45.414,43.1392,40.9458,38.8229,37.3497,34.9219,33.1904,31.557,30.0078,28.5994,27.2913,26.0626,24.9448,23.9153,22.9726,22.1183,22.6556,20.6136,19.9664,19.3649,18.8262,18.3798,18.5262,17.7764,17.3068,16.8469,16.3759,15.9176
Central and Southern Asia,124.7905,121.173,117.8126,114.6698,111.6988,108.5214,105.2326,101.8036,98.2595,94.639,91.0229,87.4735,84.0393,80.7602,77.692,74.4378,71.3527,68.3538,65.3651,62.5795,59.7352,57.0183,54.3468,51.7274,49.1776,46.7512,44.4783,42.3981,40.4317,38.6661,36.9883,35.3868
Central Asia,70.4632,70.8332,71.7529,72.631,72.9918,72.602,71.4278,69.5935,67.1543,64.0967,60.633,56.9562,53.1813,49.4201,45.8686,42.6043,39.573,36.7638,34.1708,31.9281,29.9403,28.1444,26.4919,25.0651,23.7483,22.6675,21.7057,20.9083,20.0744,19.3844,18.6261,18.1368
Southern Asia,126.9487,123.1648,119.6071,116.2718,113.135,109.821,106.4132,102.8765,99.2508,95.576,91.9277,88.3636,84.9351,81.6764,78.6439,75.4243,72.3853,69.438,66.4973,63.7374,60.8883,58.1575,55.4706,52.8354,50.2854,47.8281,45.5018,43.3683,41.3819,39.5973,37.9074,36.2392
Eastern and South-Eastern Asia,56.8562,55.7051,54.5111,52.9863,51.2471,49.4702,47.646,45.7415,43.7493,41.7097,39.4734,37.2905,35.1553,32.996,31.8599,28.9941,27.2491,25.6604,25.1367,22.8058,21.612,20.5375,19.3003,18.4331,17.4969,16.8483,15.9752,15.214,15.0765,14.7139,14.6857,14.5341
Eastern Asia,50.8339,49.8462,48.744,47.5312,46.0144,44.44,42.7092,40.8224,38.7866,36.6423,34.3672,31.886,29.4098,26.9677,24.6707,22.5927,20.7085,19.0332,17.577,16.2781,15.0538,13.9474,12.9545,12.0107,11.1611,10.3571,9.6431,9.0034,8.3976,7.8365,7.3147,6.8159
South-Eastern Asia,72.0414,69.0436,66.1247,63.4295,60.9403,58.567,56.3345,54.1498,52.0715,50.1366,48.1644,46.2688,44.4463,42.6569,43.4546,39.3938,37.9637,36.601,37.8295,33.9549,32.7824,31.629,30.5241,29.5305,28.6231,27.7927,27.0147,26.2268,25.476,24.7305,23.9965,23.2891
Northern Africa and Western Asia,75.5318,72.8848,70.2823,67.6478,64.9995,62.4368,59.8157,57.3028,54.8433,52.4815,50.1851,47.8876,45.8013,43.8564,41.9408,40.1196,38.4416,36.8318,35.3197,34.0327,32.8716,31.9488,31.8553,31.3233,30.4928,29.4986,28.6949,27.5839,27.1921,26.6693,25.9841,25.6867
Western Asia,65.6343,63.2232,60.8225,58.494,56.1723,53.9126,51.4341,49.1507,46.9214,44.7716,42.6158,40.4444,38.5078,36.8037,35.1769,33.6016,32.0523,30.3971,28.8842,27.7391,26.8487,26.3578,27.6193,27.764,27.1611,26.0296,25.1366,23.5978,23.5531,23.231,22.6464,22.8228
Northern Africa,85.6775,82.8673,80.0487,77.2232,74.4451,71.7502,69.1406,66.4772,63.8016,61.2232,58.7394,56.2739,53.9046,51.5669,49.3083,47.184,45.3277,43.6987,42.1293,40.6284,39.0763,37.6465,36.1299,34.8491,33.7369,32.8121,32.11,31.3907,30.6361,29.9354,29.1721,28.42
Sub-Saharan Africa,180.7881,179.2441,177.7195,176.3751,176.3136,171.9385,169.0485,165.8909,162.123,157.6867,152.8267,147.5406,141.9921,136.3854,130.8188,125.4588,120.4529,115.5643,110.8699,106.4649,102.5468,98.9893,95.673,92.6344,89.9519,87.4862,85.0278,82.7279,80.3167,78.0434,75.8554,73.7214
Oceania,33.1953,32.5093,31.8353,31.4888,31.2829,31.0932,31,30.9718,30.9927,30.8902,30.7205,30.6884,30.5395,30.2652,29.8305,29.2188,28.5704,27.4957,26.6686,26.2596,25.6986,25.2742,24.6426,24.1903,23.8947,23.2368,22.6363,22.0187,21.4095,21.0839,20.8236,20.2698
Oceania (exc. Australia and New Zealand),70.5798,69.2374,68.0552,66.9839,65.9318,64.9521,64.0329,63.2405,62.442,61.6247,60.8041,59.9784,59.2038,58.3167,57.4316,56.5162,55.5265,54.5056,53.4319,52.4495,51.2129,50.1112,48.9723,47.8565,46.7305,45.6187,44.5408,43.4005,42.2639,41.1367,40.0292,38.8633
Australia and New Zealand,9.5583,9.0134,8.4926,8.0314,7.6373,7.3239,7.0721,6.8717,6.6996,6.5527,6.41,6.2841,6.1735,6.0854,5.9954,5.8847,5.7559,5.6051,5.4266,5.2275,5.021,4.8056,4.5954,4.4022,4.2465,4.1388,4.0539,4.0049,3.9602,3.9507,3.9293,3.8907
Sub-Saharan Africa,178.8416,177.2996,175.7673,174.4146,174.2914,170.0034,167.1435,164.0101,160.2787,155.8939,151.0947,145.8805,140.4189,134.911,129.4467,124.1885,119.253,114.4169,109.7779,105.4354,101.5712,98.0732,94.8158,91.8165,89.1531,86.6944,84.2451,81.9544,79.5613,77.3021,75.1283,73.015
West and Central Africa,196.5265,194.7848,193.1251,191.4276,189.5085,187.1975,184.2728,180.9063,177.0295,172.6531,167.9038,162.8786,157.6853,152.3794,147.1216,141.9913,137.1432,132.5675,128.362,124.4606,120.8737,117.6776,114.6782,111.9137,109.421,106.9934,104.5067,102.0296,99.3322,96.7747,94.1115,91.4993
Eastern and Southern Africa,162.8551,161.3814,159.8417,158.6544,160.0822,153.6914,150.7554,147.8327,144.212,139.6965,134.6512,129.1061,123.2715,117.4326,111.7002,106.2515,101.1323,95.9475,90.7952,85.8283,81.4573,77.4218,73.6494,70.2636,67.3551,64.7978,62.3092,60.1618,58.0824,56.1581,54.4784,52.8179
Middle East and North Africa,66.0641,63.4843,61.1,58.7766,56.5419,54.3419,52.0092,49.813,47.6445,45.5102,43.3996,41.3154,39.3871,37.624,35.9564,34.3674,32.8015,31.1942,29.7037,28.494,27.4752,26.7848,27.0598,26.7456,26.0493,25.1304,24.3724,23.2552,22.971,22.5891,22.0257,21.8948
South Asia,130.2313,126.3651,122.64,119.0594,115.559,111.9257,108.2909,104.5808,100.8511,97.1189,93.4224,89.8177,86.3591,83.0705,80.0371,76.8281,73.8101,70.8827,67.9542,65.1947,62.3319,59.5971,56.9211,54.2851,51.7388,49.2285,46.8288,44.6347,42.5261,40.5867,38.8007,37.0591
East Asia and Pacific,56.5701,55.3941,54.1827,52.663,50.9393,49.1801,47.3756,45.4948,43.5305,41.5189,39.32,37.1713,35.0701,32.9445,31.8213,28.9982,27.2747,25.6967,25.1675,22.8753,21.6951,20.6346,19.4074,18.5506,17.6266,16.9835,16.1162,15.3588,15.2243,14.8686,14.8459,14.6939
Latin America and Caribbean,54.9055,52.533,50.1365,47.7747,45.414,43.1392,40.9458,38.8229,37.3497,34.9219,33.1904,31.557,30.0078,28.5994,27.2913,26.0626,24.9448,23.9153,22.9726,22.1183,22.6556,20.6136,19.9664,19.3649,18.8262,18.3798,18.5262,17.7764,17.3068,16.8469,16.3759,15.9176
North America,10.9485,10.6075,10.2489,9.8908,9.5511,9.2405,8.9711,8.7484,8.5639,8.4087,8.284,8.171,8.0767,7.9932,7.9116,7.8229,7.7239,7.606,7.4755,7.3379,7.2008,7.0707,6.9521,6.8481,6.7558,6.6722,6.5897,6.5034,6.416,6.3282,6.2338,6.1332
Europe and Central Asia,30.9468,30.3919,29.9541,29.533,28.9147,28.1032,26.9159,25.5807,24.2389,22.8079,21.3271,20.1323,18.8345,17.5612,16.4821,15.5304,14.6287,13.809,13.0269,12.3946,11.7734,11.2734,10.7999,10.4155,9.9799,9.541,9.0795,8.6928,8.4128,8.1595,7.8994,7.602
Eastern Europe and Central Asia,46.7874,46.6131,46.7367,46.6986,46.003,45.0676,43.6428,41.9332,40.0027,37.9017,35.4914,33.1296,30.7491,28.4812,26.5516,24.842,23.2084,21.6333,20.1853,18.9578,17.927,16.9864,16.046,15.2584,14.4733,13.7038,12.9826,12.4537,12.017,11.6575,11.2392,10.8223
Western Europe,10.4497,10.0275,9.5245,9.0014,8.4912,7.9539,7.4825,7.0712,6.73,6.4435,6.2031,5.9878,5.7792,5.5819,5.3936,5.2219,5.0619,4.9116,4.7569,4.6024,4.4541,4.3253,4.2196,4.1335,4.0716,4.023,3.9829,3.9408,3.8878,3.8253,3.7559,3.6824
