ISO.Code,Country.Name,1985.5,1986.5,1987.5,1988.5,1989.5,1990.5,1991.5,1992.5,1993.5,1994.5,1995.5,1996.5,1997.5,1998.5,1999.5,2000.5,2001.5,2002.5,2003.5,2004.5,2005.5,2006.5,2007.5,2008.5,2009.5,2010.5,2011.5,2012.5,2013.5,2014.5,2015.5,2016.5,2017.5,2018.5,2019.5,2020.5,2021.5
AFG,Afghanistan,211.0975,204.5622,197.9429,191.3952,184.8613,178.451,172.2279,166.3461,160.7751,155.5079,150.5893,145.9901,141.5736,137.3481,133.3015,129.3389,125.3052,121.1885,117.0255,112.7919,108.5585,104.2736,100.0373,95.866,91.7899,87.7854,83.9639,80.2697,76.7712,73.3774,70.1723,67.2483,64.5819,62.1718,59.9173,57.7978,55.6575
ALB,Albania,54.7511,51.0898,47.9032,45.1557,42.7981,40.8317,39.1433,37.6286,36.2896,35.0307,33.8021,32.5327,31.2159,29.8945,28.5499,27.1811,25.7995,24.3801,22.9307,21.4599,19.9823,18.5211,17.103,15.7633,14.4926,13.2883,12.1719,11.214,10.4634,9.9216,9.5771,9.3997,9.3367,9.3439,9.3881,9.4361,9.4559
DZA,Algeria,74.6976,65.2901,59.0642,55.2652,53.0743,51.8901,51.2663,50.7505,50.1631,49.4392,48.454,47.2869,46.0109,44.6584,43.2179,41.6879,40.096,38.4874,36.8667,35.2958,33.7757,32.3387,30.9782,29.7689,28.7128,27.8091,27.0766,26.4942,26.0503,25.6681,25.3046,24.9241,24.4831,23.9794,23.4515,22.8973,22.3353
AND,Andorra,17.471,16.4658,15.5682,14.7067,13.8557,13.1167,12.3887,11.7152,11.0837,10.4687,9.8839,9.3715,8.8609,8.4016,7.9847,7.6072,7.2191,6.8735,6.5398,6.2637,5.9638,5.6498,5.3503,5.0772,4.8226,4.577,4.3297,4.1337,3.9225,3.7267,3.5254,3.3509,3.1954,3.0591,2.9504,2.8483,2.7564
AGO,Angola,226.6265,225.4729,224.7202,223.9889,223.7152,223.5046,223.4958,223.5959,223.651,223.3236,222.3693,220.8553,218.1766,214.6306,210.3341,205.1359,198.8996,191.9356,184.1643,175.4523,166.1903,156.7791,147.0987,137.5361,128.4997,119.973,112.2159,104.8753,98.3058,92.9119,88.339,84.4489,81.0795,77.9684,75.0384,72.0743,69.4213
AIA,Anguilla,22.8803,21.5292,20.2136,18.9977,17.8435,16.7707,15.7812,14.835,13.9886,13.1808,12.4219,11.7478,11.1558,10.5868,10.065,9.5744,9.1212,8.7094,8.3064,7.9236,7.5599,7.2335,6.9141,6.6152,6.3364,6.0545,5.7868,5.5473,5.3341,5.1379,4.9688,4.8017,4.6412,4.4884,4.3251,4.1788,4.0451
ATG,Antigua and Barbuda,13.7168,13.5928,13.5834,13.6615,13.8311,14.0625,14.3695,14.7202,15.0895,15.4531,15.7461,15.967,16.0613,16.0172,15.8379,15.5298,15.1212,14.6531,14.1001,13.5321,12.9366,12.3417,11.7492,11.1625,10.5995,10.0573,9.5322,9.0237,8.5542,8.1251,7.75,7.4272,7.1195,6.8434,6.5926,6.3583,6.1446
ARG,Argentina,30.5976,29.5715,29.0871,28.9706,28.936,28.7663,28.3359,27.5659,26.5443,25.4169,24.2951,23.2104,22.189,21.2568,20.4156,19.6753,18.9939,18.3431,17.7157,17.1256,16.5863,16.1123,15.7214,15.3654,14.9635,14.4769,13.9275,13.343,12.7485,12.1681,11.5936,10.9686,10.2531,9.4509,8.5805,7.7008,6.9182
ARM,Armenia,60.1046,57.7072,55.4108,92.6839,51.0589,48.929,46.8809,44.8244,42.8272,40.892,39.0216,37.2081,35.4673,33.819,32.1921,30.6564,29.1951,27.7697,26.4065,25.1109,23.8914,22.713,21.5928,20.5212,19.5164,18.5445,17.6239,16.7531,15.915,15.1379,14.4079,13.7116,13.0449,12.4245,11.826,11.2623,10.7211
AUS,Australia,11.2895,10.9674,10.6034,10.1854,9.7086,9.1888,8.6587,8.1523,7.6965,7.3122,7.0095,6.7737,6.5926,6.4467,6.3147,6.1873,6.0759,5.9861,5.9092,5.8257,5.7204,5.585,5.4171,5.2183,4.9982,4.7664,4.5358,4.3172,4.1257,3.9757,3.8723,3.8087,3.7768,3.7629,3.7544,3.7397,3.7119
AUT,Austria,12.5965,11.8702,11.1493,10.4906,9.9484,9.5115,9.08,8.5616,7.9736,7.3701,6.8039,6.3331,5.987,5.7545,5.6027,5.5058,5.424,5.3305,5.2099,5.0604,4.8976,4.7459,4.6334,4.5438,4.4506,4.3363,4.1994,4.0466,3.8971,3.7673,3.6707,3.6055,3.5706,3.5621,3.5828,3.623,3.6576
AZE,Azerbaijan,102.2245,100.1385,98.2446,96.7461,95.701,95.2987,95.538,95.8924,95.978,95.5029,94.2313,91.9489,88.7098,84.5829,79.7239,74.589,69.4168,64.4593,59.8493,55.7256,52.0165,48.6761,45.5941,42.6806,39.9276,37.312,34.8262,32.5054,30.3236,28.2574,26.2975,24.4804,22.8852,21.5453,20.4208,19.4278,18.5862
BHS,Bahamas,27.8199,27.3243,26.5815,25.6384,24.5775,23.4838,22.3971,21.3524,20.351,19.3916,18.4976,17.6989,17.0415,16.5797,16.3403,16.2995,16.4054,16.5972,16.7908,16.9108,16.9167,16.7935,16.5346,16.1957,15.8249,15.4431,15.0632,14.718,14.409,14.149,13.9343,13.7598,13.629,13.5297,23.4198,13.3216,13.1591
BHR,Bahrain,25.0117,24.226,23.6808,23.3549,23.1875,23.0098,22.6831,22.0625,21.0535,19.6807,18.1359,16.5902,15.1796,14.0224,13.1394,12.4811,11.9872,11.6062,11.2871,10.9791,10.6473,10.2485,9.8085,9.344,8.8843,8.4722,8.1422,7.8852,7.6919,7.549,7.4368,7.3437,7.2635,7.1864,7.1158,7.0278,6.9156
BGD,Bangladesh,177.5062,171.2874,164.9349,158.55,152.2445,145.966,139.7048,133.4269,127.1381,120.8993,114.7275,108.641,102.6697,96.8901,91.3206,86.0664,81.1385,76.5548,72.2767,68.2917,64.5375,61.0347,57.7385,54.6754,51.8121,49.1538,46.6799,44.3521,42.1431,40.0215,37.9716,35.9915,34.0704,32.1965,30.4225,28.7675,27.2736
BRB,Barbados,21.8697,21.1641,20.4475,19.6954,18.9213,18.1303,17.3685,16.6532,16.0381,15.5379,15.165,14.934,14.8333,14.8469,14.9632,15.1609,15.3814,15.5862,15.725,15.7794,15.7409,15.6285,15.4725,15.3052,15.1417,14.9999,14.8598,14.7402,14.5513,14.3531,14.072,13.7673,13.4284,13.0429,12.6574,12.2883,11.9135
BLR,Belarus,17.5723,16.9979,16.4246,15.8979,15.4621,15.2014,15.1804,15.338,15.5339,15.6661,15.6723,15.4975,15.1085,14.4925,13.6803,12.7624,11.8277,10.9416,10.1449,9.4347,8.7414,8.0183,7.3003,6.6425,6.0726,5.5921,5.1938,4.8596,4.5745,4.3242,4.0885,3.8557,3.6187,3.3752,3.1319,2.9124,2.7249
BEL,Belgium,11.7322,11.3661,11.0109,10.6632,10.3352,10.0234,9.6819,9.273,8.7882,8.2263,7.6318,7.0857,6.6499,6.3206,6.0668,5.8626,5.6823,5.5059,5.3308,5.1743,5.0381,4.9144,4.7934,4.6749,4.5629,4.4595,4.3623,4.2701,4.1862,4.1208,4.0785,4.0617,4.0671,4.0883,4.1074,4.1138,4.1007
BLZ,Belize,51.7765,49.1024,46.3208,43.5661,40.908,38.4261,36.0892,33.9757,32.0594,30.3992,28.9329,27.6125,26.4634,25.4157,24.4618,23.609,22.8503,22.214,21.7006,21.2788,20.9234,20.5998,20.2631,19.8791,19.4548,18.9413,18.3506,17.6754,16.9251,16.1233,15.3174,14.5115,13.7296,12.9763,12.2984,11.7029,11.1866
BTN,Bhutan,157.9308,151.1695,144.6119,138.4567,132.4963,126.6691,121.0371,115.638,110.3145,105.1913,100.2138,95.2866,90.5405,85.8621,81.4082,77.0986,72.8915,68.8214,64.9398,61.1623,57.5561,54.1284,50.8755,47.8202,44.9743,42.356,40.062,38.0493,36.2678,34.6618,33.1976,31.8706,30.6429,29.5866,28.524,27.5492,26.6874
BOL,Bolivia (Plurinational State of),145.8835,141.0798,136.1306,131.2453,126.3471,121.4848,116.7467,112.0527,107.3897,102.8312,98.2761,93.7416,89.1513,84.5601,80.0097,75.6307,71.3722,67.3232,63.4641,59.7938,56.3363,53.0695,50.005,47.131,44.4416,41.888,39.5408,37.2986,35.2247,33.332,31.6415,30.1962,28.9159,27.7175,26.5917,25.6272,24.6919
BIH,Bosnia and Herzegovina,27.0228,24.9002,22.9795,21.2165,19.612,18.1479,16.8333,35.4908,35.0323,26.1248,13.9701,12.2172,11.5339,10.8978,10.3365,9.888,9.5621,9.3351,9.1814,9.0454,8.867,8.6051,8.2782,7.9116,7.5351,7.1921,6.8992,6.6648,6.4894,6.3582,6.2623,6.1878,6.1088,6.0053,5.8825,5.7497,5.6006
BWA,Botswana,56.1434,52.8819,49.6282,46.728,45.1168,45.2724,47.2868,50.7961,55.3945,60.4205,65.672,65.6099,69.3772,71.7563,73.0349,74.0113,73.1662,72.2447,73.0544,73.6751,71.3151,68.8471,68.5936,68.7782,65.9278,62.5527,61.249,55.216,50.3074,48.1802,45.3729,43.5198,39.9399,38.9618,37.7407,36.3142,34.8694
VGB,British Virgin Islands,23.7705,22.5755,21.4912,20.5718,19.7506,19.055,18.4743,17.9504,17.524,17.1421,16.8159,16.5402,16.2628,16.0699,15.8787,15.7372,15.635,15.5549,15.4698,15.455,15.4003,15.3345,15.2543,15.0497,14.8015,14.5081,14.1604,13.7998,13.4368,13.0646,12.6871,12.2857,11.8898,11.5482,11.1786,10.8526,10.4629
BRN,Brunei Darussalam,14.7839,14.1935,13.7588,13.4845,13.3451,13.283,13.2767,13.2372,13.0765,12.8028,12.4267,11.9851,11.5183,11.0735,10.676,10.3301,10.0438,9.8203,9.655,9.5497,9.4859,9.4635,9.4712,9.5101,9.5822,9.6928,9.8255,9.9866,10.1726,10.3772,10.591,10.8052,11.0144,11.2304,11.402,11.5018,11.476
BGR,Bulgaria,19.7709,18.7319,17.9487,17.6942,17.9082,18.3744,18.8905,19.2434,19.2735,19.1165,19.0965,19.3172,19.4075,19.0023,18.2234,17.4111,16.7045,15.9917,15.1534,14.2184,13.2792,12.4338,11.7839,11.3881,11.1341,10.8331,10.3883,9.8402,9.2412,8.6567,8.1321,7.6949,7.3166,6.9792,6.6953,6.4784,6.3243
BFA,Burkina Faso,214.7419,210.267,206.1867,203.0087,200.5698,199.0875,198.3486,198.0212,197.4012,196.4545,194.7952,192.3285,189.2654,185.9781,182.4528,178.7083,174.6886,170.1741,164.9887,159.1461,152.7864,146.0437,139.3383,133.0505,127.222,121.942,117.1989,112.9023,108.7264,104.7293,101.0893,97.6612,94.5049,91.3453,88.2293,85.3508,82.6076
BDI,Burundi,175.9255,171.1864,168.8847,168.3294,169.1227,170.3434,171.7892,172.8643,194.169,173.2676,172.3784,170.5064,167.7036,163.8668,159.3953,154.6,149.4621,143.9441,138.0735,131.7271,124.6986,117.5128,110.327,103.4558,97.0223,91.0258,85.5958,80.4747,75.7412,71.5561,67.8639,64.5759,61.742,59.0836,56.7367,54.6112,52.6048
KHM,Cambodia,119.7712,117.6191,116.6508,116.2641,116.2878,116.2549,116.2312,116.4874,117.2782,118.4264,119.5438,120.0505,119.5459,117.6489,113.3424,106.3013,96.8637,86.9228,78.2344,70.8288,64.7814,59.7664,55.3318,51.3522,47.5487,43.9459,40.6349,37.755,35.342,33.3797,31.7461,30.2596,28.9439,27.8333,26.8141,25.7905,24.7636
CMR,Cameroon,148.5985,143.4097,139.3094,136.7803,135.7826,136.2235,137.8585,140.1979,142.7271,144.9858,146.6952,147.9091,148.4681,148.1424,146.7445,144.4462,141.5111,138.156,134.6396,131.1391,127.9437,124.5689,121.2962,117.7653,114.5137,110.1605,105.9326,101.5043,96.8846,92.4824,88.1203,84.3341,80.803,77.7069,75.0941,72.4232,69.788
CAN,Canada,9.758,9.4241,9.1211,8.8337,8.5436,8.2468,7.9557,7.6781,7.4153,7.1657,6.9309,6.7183,6.5363,6.3928,6.2914,6.2305,6.1981,6.1808,6.1653,6.1382,6.0953,6.0342,5.962,5.8818,5.8023,5.7247,5.6514,5.58,5.5105,5.4458,5.3854,5.3296,5.2787,5.2285,5.1755,5.1144,5.0413
CAF,Central African Republic,180.2505,179.5386,178.9566,178.4845,177.984,177.4077,176.8124,176.1975,175.5838,175.0136,174.2502,173.2975,172.0174,170.3913,168.3642,166.1427,163.5998,160.6529,157.2963,153.5965,149.7081,145.2955,141.1772,137.4706,133.5072,129.7822,126.3865,123.323,121.1109,118.5704,115.5349,112.6526,110.9224,108.7839,105.909,103.0456,99.9161
TCD,Chad,226.7404,223.7914,220.8821,217.9053,214.929,211.9755,209.1616,206.3591,203.6903,201.2013,198.7542,196.3565,193.6364,190.7637,187.596,184.3476,181.0215,177.6737,174.3016,170.9249,167.4639,163.8507,160.1274,156.2873,152.3331,148.425,144.4558,140.6302,136.8831,133.297,129.491,125.8111,121.8766,118.0155,114.3353,110.5266,107.0655
CHL,Chile,22.4253,22.205,21.9181,21.341,20.3794,19.0834,17.6426,16.238,14.9762,13.9238,13.1053,12.5332,12.1958,11.9335,11.5184,10.8932,10.2643,9.8087,9.508,9.2864,9.0973,8.9632,8.9067,8.8829,8.8246,8.7004,8.5442,8.3926,8.2503,8.1072,7.9592,7.7936,7.6092,7.3998,7.1458,6.8532,6.5534
CHN,China,54.1444,53.8042,53.7801,53.8587,53.863,53.6198,53.061,52.1135,50.8066,49.1816,47.3653,45.4971,43.4851,41.3506,39.0932,36.6804,34.105,31.4764,28.8551,26.336,24.0207,21.9545,20.1131,18.4901,17.05,15.7552,14.5701,13.4838,12.4795,11.5584,10.7131,9.9335,9.2208,8.5776,7.9791,7.4388,6.9346
COL,Colombia,43.5503,41.4987,39.7152,38.1751,36.8032,35.5719,34.3925,33.2427,32.1069,30.9946,29.8894,28.8051,27.7864,26.8156,25.9046,25.0664,24.2921,23.5512,22.8437,22.1719,21.5167,20.8725,20.236,19.6182,19.0039,18.3844,17.8005,17.2304,16.6606,16.1194,15.5962,15.0851,14.6162,14.1407,13.7196,13.2514,12.8482
COG,Congo,94.3004,92.2941,90.9592,90.2668,90.3272,91.2243,92.8587,95.1025,97.9716,101.3507,104.8627,108.4622,111.6921,113.9347,114.6649,113.5136,110.529,105.8344,99.9788,93.3771,86.4631,79.9967,74.179,69.2918,65.3802,62.3799,60.0808,58.2116,56.3916,54.6247,52.7802,50.9548,49.3267,47.6611,52.4494,44.5228,42.9679
CIV,Cote d'Ivoire,154.5926,153.4511,152.7613,152.7058,153.011,153.4115,153.822,154.0813,154.204,153.876,153.3255,152.2367,150.6432,148.4731,145.8564,142.9373,139.796,136.434,132.9957,129.4449,125.6817,122.0934,118.3022,114.3822,110.1506,106.4287,103.181,100.1354,96.8896,93.5162,90.468,88.0329,85.559,82.7799,79.7432,77.2822,74.7853
CYP,Cyprus,13.311,12.1121,11.373,11.147,11.221,11.257,11.0906,10.727,10.2077,9.623,9.0443,8.5079,7.9892,7.4738,6.9769,6.522,6.1114,5.7171,5.3322,4.9551,4.6031,4.2955,4.0283,3.8102,3.6259,3.4566,3.2922,3.134,2.9901,2.8704,2.7872,2.7489,2.7401,2.7611,2.7981,2.8047,2.7855
COD,Democratic Republic of the Congo,197.7024,195.3683,193.1946,190.9074,188.6225,186.2979,184.001,181.868,179.7694,177.824,175.8515,173.5978,170.9701,167.7988,164.1683,160.0834,155.8137,151.2081,146.5282,141.7525,136.8833,132.2382,127.5447,123.0215,118.7653,114.6003,110.674,106.8191,103.2863,99.7372,96.4925,93.4216,90.2607,87.243,84.4041,81.6798,78.9605
DMA,Dominica,18.8955,18.1959,17.6029,17.1104,16.702,16.3784,16.1352,15.9609,15.8521,15.8218,15.8492,15.937,16.0898,16.3043,16.5804,16.9288,17.342,17.8239,18.3805,19.0187,19.7345,20.5322,21.4202,22.3905,23.4448,24.5994,25.8404,27.1592,28.5126,29.8815,31.2212,32.4746,33.5977,34.5094,35.1757,35.6215,35.8948
EGY,Egypt,118.9259,109.9698,102.2318,95.7305,90.3025,85.6853,81.4622,77.3563,73.1918,68.921,64.6394,60.4934,56.5966,52.9673,49.6773,46.7001,44.0172,41.6202,39.4863,37.5923,35.8639,34.2684,32.8098,31.4109,30.0784,28.7875,27.5755,26.4365,25.3385,24.3184,23.423,22.581,21.7836,21.0162,20.2917,19.5844,18.9578
ERI,Eritrea,178.294,174.4303,169.9725,164.9661,159.3067,153.0903,146.0944,138.4998,130.5307,122.4702,114.6629,107.4611,100.9881,95.213,90.1218,85.4875,81.3044,77.4727,73.9126,70.6401,67.6212,64.7314,62.0444,59.5775,57.3538,55.2105,53.2993,51.5455,49.7696,48.1186,46.3929,44.8544,43.3954,41.9467,40.5832,39.3198,38.0916
ETH,Ethiopia,221.5676,217.4361,213.3436,209.3691,205.1992,200.7779,195.93,190.5502,184.5522,178.0883,171.4455,164.9095,158.5094,152.3526,146.4691,140.4681,134.405,128.0775,121.6937,115.2773,108.8861,102.8229,97.0651,91.7181,86.7028,82.0687,77.7034,73.5647,69.6355,65.8934,62.3717,59.0213,55.9684,53.2415,50.8544,48.749,46.8115
FRA,France,10.3536,10.0598,9.8114,9.573,9.3151,8.9972,8.5889,8.098,7.5515,6.9946,6.4961,6.1098,5.8321,5.6421,5.5094,5.3937,5.2583,5.0987,4.9291,4.7641,4.623,4.5195,4.4421,4.3679,4.2874,4.2112,4.1507,4.1125,4.1024,4.1216,4.1597,4.2084,4.2607,4.3104,4.3492,4.3681,4.3538
GEO,Georgia,50.5563,49.6058,48.9613,48.5252,48.1971,47.8881,47.5442,47.1593,46.6944,46.0727,45.2139,44.1035,42.7293,41.0811,39.0709,36.7963,34.3094,31.6594,28.9257,26.231,23.6559,21.2553,19.0876,17.1892,15.5397,14.1473,13.0066,12.0966,11.4025,10.8801,10.4954,10.2183,10.0044,9.837,9.7015,9.5815,9.4798
GRC,Greece,14.6141,13.7249,12.796,11.8815,11.0697,10.3824,9.8445,9.4399,9.1177,8.815,8.4814,8.119,7.7304,7.3126,6.8689,6.4145,5.9711,5.5656,5.2006,4.8682,4.5706,4.3163,4.1207,3.9863,3.9132,3.9011,3.9431,4.033,4.1551,4.2786,4.3698,4.3973,4.329,4.1913,4.0252,3.8682,3.7141
GIN,Guinea,257.5324,252.8682,248.1191,243.3661,238.1886,232.7488,226.8521,220.503,213.8667,206.9552,199.9809,193.0211,186.1343,179.2519,172.4095,165.5714,159.0038,152.8596,147.0477,141.8323,137.2468,133.2759,129.8256,126.8962,124.2808,121.9053,119.7609,117.7489,115.7497,114.4553,112.6136,110.1222,108.3145,106.2206,104.019,101.5627,98.7269
HTI,Haiti,166.3183,161.8561,157.4948,153.2274,149.0253,144.9194,140.7738,136.6043,132.4114,128.1535,123.8926,119.6881,115.5078,111.4823,107.5372,103.8743,100.4628,97.2934,94.4467,91.8745,89.5345,87.3149,85.2148,83.2916,81.3756,130.1231,77.6417,75.7707,73.898,71.979,70.128,68.2127,66.3408,64.3708,62.4995,60.5058,58.6327
ISL,Iceland,7.5599,7.2861,7.041,6.8145,6.6022,6.3892,6.1809,5.9719,5.758,5.5403,5.3045,5.0561,4.7994,4.5356,4.2715,4.0195,3.783,3.5679,3.3766,3.213,3.0723,2.9554,2.8569,2.7764,2.7158,2.6707,2.6425,2.6273,2.6235,2.6278,2.6365,2.6543,2.6715,2.687,2.6877,2.6658,2.6359
IRN,Iran (Islamic Republic of),76.0003,71.6818,67.6872,63.9395,60.4637,57.3051,54.4646,51.9489,49.6986,47.6576,45.7332,43.8346,41.9494,40.0299,38.0695,36.0813,34.0517,32.0311,30.045,28.117,26.3235,24.6659,23.1152,21.7054,20.4239,19.3105,18.3603,17.5327,16.7994,16.1455,15.5324,14.9959,14.4609,13.9806,13.495,13.0469,12.6313
ISR,Israel,14.433,13.6892,13.0366,12.512,12.0774,11.6349,11.1231,10.5332,9.8724,9.2059,8.6221,8.1533,7.7682,7.4433,7.154,6.892,6.6455,6.3937,6.1258,5.8482,5.5765,5.3258,5.0979,4.8978,4.7183,4.5566,4.4058,4.266,4.141,4.0299,3.9327,3.8448,3.7532,3.6502,3.5433,3.4435,3.3566
JPN,Japan,7.4779,7.1299,6.8409,6.6175,6.4502,6.3264,6.2273,6.1316,6.0149,5.867,5.6803,5.4571,5.2153,4.9684,4.7273,4.5054,4.3062,4.1332,3.9862,3.8603,3.745,3.6327,3.5221,3.4117,3.3035,3.1994,3.2069,3.0063,2.9187,2.8368,2.7596,2.6867,2.6159,2.5437,2.4681,2.3873,2.3024
KEN,Kenya,97.4534,96.6166,96.6608,97.6174,99.4423,101.9716,104.8603,107.6251,109.7106,110.7929,110.9009,110.0323,108.375,105.883,102.6828,98.824,94.4665,89.8993,85.3038,80.7935,75.9864,71.6359,67.5609,62.7013,58.6796,56.0699,53.9236,52.2338,50.0652,48.0516,45.8623,43.8407,42.4082,40.8318,39.4379,38.5726,37.1526
KWT,Kuwait,22.984,21.4568,20.16,18.8582,17.4904,18.0372,15.3829,14.8083,14.4908,14.361,14.2731,14.0906,13.7984,13.4548,13.1029,12.7853,12.539,12.3487,12.1592,11.9552,11.7542,11.5871,11.4288,11.2453,11.0111,10.7121,10.3436,9.9524,9.5975,9.3126,9.0964,8.9525,8.8655,8.8255,8.8173,8.7976,8.7338
LVA,Latvia,17.4538,16.3129,15.5616,15.3832,15.8122,16.8701,18.275,19.4609,19.9952,19.9913,19.6677,19.0241,17.9841,16.6272,15.296,14.2249,13.3754,12.6082,11.8595,11.1474,10.487,9.8829,9.3259,8.8116,8.3096,7.7858,7.2329,6.6486,6.0534,5.5106,5.0656,4.7078,4.4169,4.1776,3.9819,3.8172,3.6796
LBR,Liberia,239.6595,243.1991,248.2741,254.0453,259.5032,263.5678,265.7078,265.0423,261.4953,255.3522,247.1926,237.363,226.3191,214.475,202.0103,189.1751,176.1262,163.2637,150.9887,139.6568,129.5816,121.0256,113.9887,108.2318,103.6094,99.9106,96.8145,94.2263,92.0485,92.1502,88.3241,86.2554,84.466,82.5711,80.5601,78.2949,76.0402
LUX,Luxembourg,11.2157,10.7764,10.3182,9.8492,9.3537,8.8378,8.3141,7.7925,7.2791,6.788,6.3289,5.9048,5.5125,5.1551,4.8294,4.5299,4.2536,3.9944,3.7584,3.5441,3.3625,3.2089,3.0796,2.9773,2.8969,2.839,2.7974,2.772,2.7629,2.7637,2.7749,2.7915,2.8111,2.8178,2.8073,2.7809,2.7349
MYS,Malaysia,21.7289,20.4611,19.3218,18.3214,17.4192,16.5851,15.8173,15.0993,14.4357,13.8422,13.3438,12.9091,12.4091,11.7414,10.9554,10.1642,9.4577,8.8993,8.5315,8.3213,8.207,8.1466,8.1257,8.1338,8.1487,8.1386,8.0965,8.0629,8.0761,8.1197,8.1572,8.1555,8.1068,8.0133,7.8805,7.7239,7.5561
MLT,Malta,13.9017,13.3178,12.7577,12.2509,11.7825,11.356,10.951,10.5695,10.1862,9.7968,9.4006,8.9981,8.6059,8.2331,7.9005,7.6156,7.3731,7.1846,7.0427,6.95,6.8837,6.8575,6.84,6.8371,6.8348,6.8243,6.8094,6.7821,6.7387,6.675,6.5967,6.5027,6.3935,6.2719,6.1328,5.9837,5.832
MUS,Mauritius,28.6838,29.2236,28.6716,26.9668,24.9348,23.1217,21.8247,21.1827,21.1393,21.5691,22.2537,22.7388,22.563,21.7,20.3697,18.8453,17.4892,16.5644,16.0236,15.7604,15.6303,15.4727,15.164,14.796,14.5847,14.6234,14.7591,14.8579,14.8673,14.7535,14.6004,14.5703,14.8576,15.3558,15.9069,16.3296,16.6172
MCO,Monaco,9.7413,9.298,8.877,8.4828,8.1197,7.7638,7.424,7.1031,6.7971,6.5131,6.2445,5.9895,5.7524,5.5358,5.3373,5.1544,4.991,4.8442,4.7134,4.5924,4.4813,4.3764,4.2777,4.1793,4.0863,3.994,3.9056,3.8105,3.7166,3.6194,3.5208,3.42,3.3154,3.2175,3.1177,3.0161,2.9236
MSR,Montserrat,21.7958,20.7308,19.7512,18.8276,17.965,17.1235,16.3727,15.6232,14.893,14.229,13.6088,13.0104,12.4436,11.9082,11.3992,10.9017,10.4662,10.0454,9.6748,9.3087,9.0073,8.6922,8.4019,8.1164,7.8416,7.5803,7.3394,7.0929,6.8688,6.646,6.4209,6.2221,6.0116,5.8141,5.6226,5.442,5.2735
MMR,Myanmar,127.7553,125.336,122.8766,120.353,117.8496,115.3094,112.6992,110.0762,107.3955,104.6631,101.9784,99.3194,96.6917,94.118,91.6828,89.2622,86.8546,84.4654,82.0151,79.5178,76.9085,74.2727,71.5689,98.6832,66.0732,63.4336,60.764,58.2054,55.883,53.7596,51.786,49.8684,48.0717,46.4153,44.7707,43.2361,41.8124
NPL,Nepal,174.4825,167.479,160.3645,153.1321,145.8259,138.5924,131.5093,124.6171,118.0145,111.6917,105.6764,99.928,94.4052,89.0722,83.9741,79.113,74.5578,70.2988,66.353,62.7142,59.3576,56.2662,53.4416,50.7451,48.2307,45.8671,43.6145,41.4528,39.3838,37.4296,35.5299,33.7398,32.0977,30.6322,29.3446,28.1944,27.1635
NIC,Nicaragua,82.4663,79.0229,75.8744,72.9073,69.9481,66.9118,63.8002,60.6461,57.5273,54.4926,51.5493,48.7075,45.9793,50.508,41.0382,38.8467,36.8577,35.0153,33.3404,31.7645,30.3141,28.9476,27.6317,26.3946,25.2138,24.0874,22.9858,21.8954,20.8345,19.8144,18.7842,17.766,16.7716,15.8178,14.8979,14.0348,13.2554
NIU,Niue,24.1227,24.1399,24.2597,24.4479,24.7117,24.9996,25.3713,25.837,26.3909,27.038,27.844,28.7141,29.5889,30.5147,31.391,32.3065,33.2399,34.1514,34.9148,35.4727,35.8849,35.8079,35.5536,35.0612,34.3724,33.6835,32.8255,31.8751,30.9013,29.9911,29.0196,28.2281,27.4056,26.5917,25.7586,24.9642,24.1315
OMN,Oman,65.4553,58.6861,52.7292,47.6055,43.0637,39.0133,35.3351,32.023,29.0413,26.4289,24.1438,22.1643,20.4212,18.8888,17.5289,16.3449,15.3207,14.4521,13.7306,13.172,12.7336,12.4088,12.1638,11.9876,11.8516,11.7302,11.6047,11.4795,11.3613,11.2541,11.1589,11.076,10.9692,10.8064,10.5988,10.3715,10.1395
PAK,Pakistan,153.0632,150.3967,147.7416,145.0961,142.4986,139.8325,137.0511,134.1001,131.0736,127.9044,124.5866,121.1793,117.7561,114.3778,111.1126,108.0792,105.2831,102.7533,100.517,98.4563,96.5119,94.6497,92.8599,91.0457,89.2127,87.2238,85.1496,82.9544,80.7145,78.4345,76.177,73.9493,71.7706,69.6435,67.4956,65.476,63.3326
PLW,Palau,38.7101,37.8673,37.1444,36.4702,35.9018,35.3266,34.7041,34.0875,33.4189,32.6815,31.9302,31.1542,30.4124,29.725,29.0469,28.4722,27.9101,27.4084,26.8979,26.4432,25.9372,25.4174,24.9256,24.3292,23.6687,23.0823,22.4322,21.7943,21.1208,20.4307,19.7431,19.1282,18.5221,17.9204,17.3664,16.8136,16.2452
PAN,Panama,36.8233,35.5576,34.3831,33.3115,32.3208,31.4149,30.6167,29.9361,29.3332,28.8149,28.341,27.9111,27.4913,27.0217,26.5555,26.01,25.4019,24.7719,24.1564,23.5486,22.943,22.3476,21.7061,21.092,20.4653,19.8212,19.2268,18.6138,18.0051,17.4828,16.9301,16.4351,15.8967,15.355,14.8459,14.3685,13.8705
PNG,Papua New Guinea,93.7572,91.8168,89.9733,88.2323,86.5344,84.8983,83.2895,81.7572,80.2578,78.7704,77.41,76.0616,74.8005,73.5549,72.3289,71.1355,69.9559,68.7467,67.5559,66.3027,64.9842,63.649,62.2793,60.8533,59.4204,57.9846,56.5889,55.1934,53.8431,52.4661,51.0885,49.7388,48.3113,46.8925,45.5178,44.1722,42.8119
PRY,Paraguay,54.8634,52.8701,50.9613,49.1232,47.315,45.5667,43.8968,42.3205,40.8898,39.5665,38.3894,37.3321,36.3761,35.4618,34.6303,33.8346,33.0774,32.2888,31.517,30.7452,29.9431,29.1597,28.3621,27.5535,26.7606,25.961,25.1546,24.3959,23.6305,22.8901,22.1858,21.4336,20.7516,20.0229,19.3583,18.7417,18.1575
PER,Peru,105.0534,99.595,94.2936,89.3101,84.5958,80.172,75.8797,71.488,66.9809,62.4228,57.856,53.4037,49.1473,45.1423,41.4455,38.1276,35.1497,32.5421,30.2447,28.2322,26.4513,24.85,23.4062,22.1045,20.9493,19.9415,19.0494,18.2915,17.6243,17.0516,16.549,16.0978,15.6946,15.3076,14.9174,14.5382,14.1226
PHL,Philippines,72.5246,70.0344,67.0043,63.6241,60.0949,56.5972,53.3281,50.4343,47.8959,45.6695,43.7381,42.0771,40.6764,39.4889,38.5128,37.7055,36.9693,36.2614,35.5635,34.8832,34.2267,33.6332,33.0909,32.6224,32.1667,31.7576,31.3745,31,30.5921,30.2122,29.7757,29.2866,28.6904,28.0231,27.2791,26.5034,25.7395
POL,Poland,20.3416,19.5818,18.9134,18.3522,17.8713,17.3965,16.8956,16.4137,15.9613,15.3876,14.4794,13.2485,11.9681,10.8602,9.9785,9.3067,8.8152,8.4327,8.1085,7.8182,7.557,7.3086,7.0284,6.6842,6.3103,5.9642,5.6682,5.4208,5.2103,5.034,4.8906,4.7719,4.659,4.5346,4.4212,4.3554,4.3466
PRT,Portugal,20.421,19.2882,18.1735,17.0382,15.884,14.7326,13.5903,12.4751,11.4154,10.4725,9.7043,9.1206,8.6362,8.181,7.7078,7.1959,6.6368,6.0641,5.5063,5.0124,4.626,4.3567,4.1659,4.0223,3.9076,3.8132,3.7395,3.6879,3.6575,3.648,3.6506,3.6545,3.6339,3.5601,3.4378,3.278,3.0985
QAT,Qatar,28.3605,26.8467,25.3188,23.7851,22.2802,20.8295,19.449,18.1796,17.0522,16.082,15.2704,14.5775,13.9776,13.4541,12.9582,12.4862,12.0314,11.5882,11.1657,10.7732,10.4292,10.119,9.8414,9.595,9.3663,9.1543,8.9434,8.713,8.4452,8.13,7.7586,7.3519,6.9206,6.4855,6.0588,5.663,5.3061
KOR,Republic of Korea,24.5729,22.4048,20.4023,18.6097,17.0188,15.6182,14.3706,13.2517,12.2421,11.3267,10.4876,9.7303,9.0659,8.4752,7.9643,7.5277,7.1461,6.7743,6.3859,5.98,5.5708,5.1772,4.8265,4.5386,4.3085,4.124,3.9749,3.8471,3.7296,3.62,3.5187,3.4244,3.3306,3.2309,3.124,3.0086,2.8882
MDA,Republic of Moldova,40.4321,38.3763,36.4404,34.8863,33.8044,33.4195,33.7258,34.7419,36.1519,37.5774,38.5782,38.8186,38.1855,36.6775,34.3375,31.4596,28.3891,25.591,23.1425,21.2306,19.8271,18.8221,18.1531,17.7001,17.3284,17.089,16.8378,16.5663,16.287,16.0298,15.7824,15.5307,15.2651,15.0255,14.7418,14.4983,14.1965
ROU,Romania,31.4598,33.2025,34.7389,34.5736,32.9619,31.1141,29.6994,28.687,27.9634,27.4578,27.0965,26.7066,25.932,24.5111,22.8228,21.4531,20.6357,20.1694,19.8369,19.3239,18.2663,16.6863,15.0999,13.9018,13.0552,12.3934,11.8076,11.2223,10.5919,9.9174,9.2179,8.5312,7.9177,7.4173,7.0191,6.6969,6.4269
RUS,Russian Federation,24.9397,24.2174,23.3918,22.5931,21.9716,21.6296,21.5488,21.699,21.9472,22.0788,21.9744,21.6786,21.2907,20.8002,20.1658,19.3686,18.4105,17.3146,16.143,14.9702,13.86,12.8478,11.9713,11.2582,10.7453,10.4159,10.1558,9.8663,9.4724,8.9265,8.2473,7.5433,6.8968,6.3308,5.8376,5.4137,5.0549
RWA,Rwanda,159.9929,154.5959,150.299,146.8173,145.965,149.8531,159.3862,173.2109,189.4811,340.6332,221.0616,224.1411,220.7454,212.9886,201.0299,185.4245,167.5645,149.5963,133.217,118.3412,105.2275,93.8891,84.4728,76.2837,69.5548,63.7849,58.6395,55.1565,52.1554,49.7838,47.7379,46.062,44.6291,43.4034,42.1035,40.6806,39.4389
KNA,Saint Kitts and Nevis,37.4794,35.4601,33.7882,32.4161,31.3072,30.4236,29.7466,29.2161,28.7853,28.372,27.8911,27.3355,26.6561,25.81,24.8562,23.8062,22.7103,21.6361,20.6509,19.7987,19.0892,18.5259,18.1205,17.8302,17.6323,17.5068,17.4204,17.3794,17.3059,17.1856,16.9435,16.6142,16.2571,15.8587,15.4399,15.0229,14.5602
LCA,Saint Lucia,25.7089,24.7661,23.918,23.1596,22.4727,21.854,21.2914,20.7849,20.3309,19.9279,19.563,19.2392,18.9588,18.7236,18.5417,18.4076,18.3281,18.2973,18.3192,18.387,18.4958,18.6496,18.8514,19.0964,19.3844,19.7106,20.0831,20.4947,20.9507,21.4263,21.9459,22.4966,23.0435,23.5722,24.0596,24.4794,24.8206
VCT,Saint Vincent and the Grenadines,32.2761,29.703,27.6535,26.0455,24.7912,23.8542,23.1644,22.7071,22.4381,22.3273,22.3294,22.3669,22.4208,22.4379,22.4056,22.3046,22.1487,21.9835,21.8392,21.6797,21.5326,21.3566,21.1173,20.7947,20.3662,19.8459,19.2548,18.6376,18.0193,17.4068,16.8195,16.2458,15.6812,15.1702,14.637,14.1643,13.7103
WSM,Samoa,35.5848,34.2302,32.9783,31.8385,30.7742,29.8315,28.9249,28.0354,27.125,26.206,25.3213,24.4816,23.6572,22.8314,22.0216,21.2648,20.5999,20.0723,19.6794,19.421,19.2883,19.2587,19.2996,19.3635,25.687,19.3736,19.2887,19.1336,18.9605,18.779,18.5939,18.4036,18.1982,17.8877,17.5262,17.1336,16.7185
SMR,San Marino,22.5316,20.4226,18.5739,16.8625,15.268,13.8898,12.6102,11.4531,10.4106,9.4933,8.6558,7.9198,7.2403,6.6258,6.0947,5.6007,5.1662,4.7838,4.4425,4.1416,3.8735,3.6237,3.4041,3.2036,3.0147,2.8548,2.7091,2.571,2.4469,2.3266,2.2168,2.1143,2.0135,1.9298,1.8548,1.7837,1.7172
STP,Sao Tome and Principe,100.2986,114.7203,104.3365,106.0623,107.5483,108.7988,109.4116,109.4993,108.885,107.2902,104.9098,101.576,97.5375,92.965,87.8904,82.4006,76.864,71.2835,65.8898,60.6885,55.7879,51.2109,46.9685,43.0995,39.5407,36.3263,33.3038,30.4852,27.8224,25.4421,23.2759,21.3592,19.6782,18.2699,17.1492,16.1937,15.4256
SAU,Saudi Arabia,65.179,60.5025,56.0384,51.8378,47.9136,44.3012,40.9712,37.9642,35.2569,32.7931,30.5453,28.4936,26.6369,24.9432,23.4378,22.0524,20.7643,19.5676,18.4779,17.4537,16.4748,15.5476,14.65,13.8055,13.0063,12.2512,11.5316,10.8642,10.2338,9.6467,9.0995,8.5863,8.1149,7.6913,7.3255,7.0048,6.7211
SEN,Senegal,171.2508,163.1362,155.1265,148.0255,142.4228,138.5567,136.5507,135.9855,136.4178,137.385,138.4491,139.1518,139.046,137.6071,134.5417,129.7062,123.0182,115.2347,107.0491,99.0838,91.6768,85.1215,79.3852,74.4637,70.1979,66.4013,62.9299,59.7544,56.6735,53.7617,51.0031,48.3841,45.9473,43.7478,41.8144,40.1385,38.5999
SRB,Serbia,39.1798,37.8421,36.1036,33.6478,30.8537,28.3039,26.2375,24.5103,22.9533,21.354,19.4817,17.4273,15.5908,14.2408,13.3057,12.6106,12.0047,11.3452,10.5416,9.7101,9.0103,8.5094,8.1703,7.9403,7.7665,7.5854,7.3604,7.0998,6.8272,6.5567,6.3088,6.0917,5.913,5.777,5.6752,5.5814,5.4873
SYC,Seychelles,20.3766,19.3003,18.3789,17.585,16.884,16.2829,15.7549,15.2982,14.917,14.6037,14.3596,14.1645,14.0321,13.9417,13.8912,13.8644,13.8683,13.8854,13.9181,13.9472,13.992,14.0421,14.0798,14.1224,14.1796,14.2517,14.3266,14.3929,14.4496,14.5006,14.5357,14.5677,14.5902,14.5257,14.3962,14.1824,13.9128
SLE,Sierra Leone,271.5241,269.0471,266.6551,264.3638,262.3532,260.535,258.5625,256.5274,254.3983,251.6987,248.5362,244.7186,240.5015,235.7864,230.9178,225.873,220.4441,214.7929,208.9912,202.7969,196.4753,189.7113,182.823,175.6616,168.4617,161.4146,154.4546,147.9708,141.8844,139.9812,140.9776,126.1033,121.3573,116.788,112.5212,108.5225,104.687
SGP,Singapore,10.8559,10.3191,9.7829,9.1727,8.4571,7.6811,6.9317,6.274,5.7319,5.321,5.0243,4.7993,4.6104,4.4053,4.1505,3.869,3.5989,3.3653,3.1782,3.0374,2.9417,2.8838,2.8549,2.8457,2.8394,2.8344,2.8147,2.7827,2.7576,2.7457,2.7386,2.7106,2.6464,2.5412,2.3963,2.234,2.0883
SVK,Slovakia,18.181,17.4,16.6633,15.9738,15.326,14.7116,14.1237,13.5531,12.9987,12.4617,11.9445,11.4513,10.9839,10.5434,10.1312,9.75,9.4006,9.0752,8.7706,8.48,8.1993,7.9278,7.6689,7.4257,7.1998,6.9961,6.8137,6.6504,6.5028,6.3693,6.2456,6.128,6.0209,5.9195,5.824,5.7301,5.6331
SVN,Slovenia,14.3934,13.5336,12.6851,11.8667,11.0881,10.3651,9.6838,9.046,8.4499,7.8977,7.3853,6.9209,6.5002,6.1234,5.7778,5.4645,5.178,4.9099,4.6591,4.422,4.1938,3.9785,3.7715,3.5772,3.3959,3.2286,3.0771,2.9402,2.8153,2.7036,2.6032,2.5154,2.4362,2.3658,2.3001,2.2352,2.1696
SLB,Solomon Islands,43.6923,42.411,41.247,40.1827,39.1776,38.2164,37.2259,36.2025,35.2154,34.3009,33.5214,32.8371,32.2328,31.6914,31.2036,30.7654,30.4024,30.0884,29.826,29.5364,29.2349,28.827,28.3283,27.7577,27.1041,26.3938,25.635,24.8884,24.1412,23.4646,22.7717,22.0755,21.3673,20.6914,20.025,19.3923,18.7853
SOM,Somalia,192.5,190.3001,188.6153,186.3672,183.7817,180.4191,176.559,174.1114,173.1338,172.909,172.9044,172.9044,172.9044,172.9044,172.9044,172.9044,172.9044,172.9044,172.9044,172.9044,172.8329,172.263,170.2136,166.5996,162.205,157.4685,152.6543,148.1226,143.4295,138.8752,134.4741,130.3118,126.0947,122.5097,118.6005,114.8857,111.7846
ZAF,South Africa,74.7936,71.646,68.7769,66.1629,63.9952,62.2176,60.889,60.1011,59.9274,60.3573,61.2519,62.6013,64.4665,66.5808,68.6059,71.0053,73.3025,75.1596,76.4924,77.7661,79.2391,78.9452,74.6139,68.2656,59.9046,51.5877,45.4754,41.5328,39.5771,38.2585,37.3435,36.5593,35.8223,35.0855,34.3383,33.7423,32.8473
SSD,South Sudan,272.2884,268.3205,264.6391,260.3399,255.7568,251.2163,246.3841,241.2882,235.4252,229.0361,222.1074,215.0329,207.3563,198.984,190.3627,181.5949,172.6636,164.0173,155.5387,147.5257,140.0876,133.2396,126.7406,120.4188,114.688,109.142,104.4998,101.0155,99.2102,98.7132,98.6896,98.6896,98.6896,98.6896,98.6896,98.6896,98.6896
ESP,Spain,11.1473,10.6996,10.2952,9.9129,9.5431,9.1656,8.766,8.3248,7.8565,7.3745,6.9037,6.4779,6.1204,5.8343,5.606,5.4235,5.2745,5.1455,5.018,4.8785,4.7182,4.5438,4.3634,4.1836,4.0091,3.8452,3.6966,3.5658,3.4572,3.3743,3.3161,3.2757,3.2432,3.2115,3.1694,3.1129,3.0454
LKA,Sri Lanka,30.1865,27.3805,25.2092,23.815,27.0697,22.8245,22.4789,21.996,21.3887,20.6738,19.9236,19.1968,18.5013,17.8121,17.1346,16.5213,16.003,15.5597,15.1397,28.857,14.1045,13.3564,12.5764,11.9526,20.9348,11.2182,10.8371,10.375,9.8519,9.3067,8.7841,8.3247,7.9302,7.5844,7.2775,7.0039,6.7481
PSE,State of Palestine,59.0243,55.7226,52.6346,49.8114,47.2566,44.9435,42.8777,40.9873,39.2884,37.7112,36.2676,34.8937,33.6177,32.4509,31.3583,30.3557,29.4317,28.5747,27.7266,26.895,26.0631,25.2439,24.4211,23.6206,22.829,22.0533,21.2907,20.5513,19.82,21.3203,18.3911,17.6927,17.0564,16.4535,15.8787,15.3333,14.8348
SDN,Sudan,183.2137,139.8034,138.0845,136.1543,134.0904,131.9667,129.7777,127.4005,124.9966,122.4558,119.8148,117.0795,114.1305,111.0411,107.778,104.4207,101.0314,97.6525,94.3778,91.1767,88.2368,85.4554,82.8371,80.3219,78.0471,75.8706,73.8454,71.8722,69.948,68.0077,66.0482,64.0613,62.1179,60.2834,58.4322,56.5847,54.8955
SUR,Suriname,53.3148,51.5572,49.8232,48.1989,46.6676,45.0817,43.5481,42.0744,40.5763,39.1069,37.6472,36.2873,34.9351,33.6407,32.4469,31.3106,30.2697,29.2706,28.3529,27.4814,26.6656,25.9145,25.2169,24.5481,23.8929,23.2875,22.7204,22.1417,21.5987,21.0178,20.4834,19.9368,19.3724,18.7823,18.26,17.7085,17.1758
SWE,Sweden,7.6016,7.5099,7.4221,7.3336,7.202,6.9681,6.6153,6.1731,5.688,5.2257,4.836,4.5485,4.3498,4.2239,4.1473,4.0967,4.0481,3.9816,3.8779,3.7427,3.5961,3.4519,3.3215,3.2132,3.1278,3.0617,3.0124,2.9733,2.9404,2.9097,2.8715,2.8226,2.7657,2.699,2.6251,2.5459,2.4645
CHE,Switzerland,9.0201,8.8872,8.7601,8.6214,8.4386,8.1815,7.8442,7.4647,7.0748,6.7064,6.3938,6.1488,5.9658,5.8326,5.7304,5.636,5.5377,5.4303,5.3119,5.1869,5.0601,4.9396,4.8268,4.7258,4.6377,4.5631,4.4992,4.4471,4.3991,4.3497,4.2901,4.2171,4.1392,4.0609,3.9836,3.9078,3.8306
SYR,Syrian Arab Republic,45.5059,43.3902,41.4928,39.768,38.1837,36.7442,35.3085,33.827,32.3376,30.8117,29.3047,27.8313,26.4564,25.1923,24.0519,23.0166,22.1097,21.322,20.6596,20.1082,19.6771,19.3256,19.0684,18.9174,18.8741,18.9229,20.1609,37.1316,45.4324,47.2636,41.8151,39.7642,23.926,23.8118,22.6239,22.8091,22.2724
TJK,Tajikistan,119.5192,114.4531,109.4366,105.1294,102.6234,102.5481,105.3832,109.8326,113.414,114.1015,112.1606,108.1283,102.7479,96.6326,90.1412,83.6571,77.2906,71.2787,65.5972,60.3628,55.8747,52.096,48.9677,46.4702,44.533,42.9197,41.583,40.3895,39.3874,38.395,37.4196,36.4975,35.5317,34.4595,33.4977,32.4662,31.419
THA,Thailand,48.0134,45.7045,43.4548,41.2721,39.1267,37.0512,35.0878,33.2261,31.4853,29.8638,28.3524,26.9143,25.565,24.2812,23.0759,21.9475,20.8716,19.867,18.9131,18.0141,17.163,16.3567,15.5923,14.8819,14.2021,13.558,12.9518,12.3702,11.8175,11.2909,10.7905,10.3159,9.8513,9.4202,9.0122,8.6284,8.291
TLS,Timor-Leste,221.0219,211.0472,201.4755,192.2567,183.6248,175.5266,167.9088,160.7023,153.7355,146.9139,140.3952,134.1364,128.1254,122.3359,116.7266,111.3439,106.0731,101.1414,96.3684,91.7984,87.5826,83.6702,80.0505,76.8109,73.9857,71.4297,69.2195,67.1576,65.3107,63.473,61.5669,59.6593,57.6918,55.81,53.9171,52.1612,50.549
TGO,Togo,160.3302,157.2393,154.5474,152.0064,149.698,147.5035,145.5185,143.5019,141.3442,139.01,136.416,133.5695,130.4062,127.0066,123.5467,120.0075,116.5048,113.0224,109.633,106.3673,103.2315,100.2593,97.4127,94.6241,91.8628,89.0929,86.3974,83.6984,81.0647,78.4578,75.9262,73.509,71.1609,68.8,66.646,64.6148,62.6045
TON,Tonga,25.7977,25.1855,24.5487,23.8123,23.0218,22.1942,21.3591,20.605,19.9572,19.3924,18.9033,18.4988,18.1432,17.7696,17.3882,16.9654,16.5072,16.0402,15.579,15.1491,14.7545,14.3869,14.0403,13.7225,13.4379,13.1818,12.94,12.7554,12.5944,12.4805,12.3727,12.2475,12.0996,11.9082,11.6971,11.434,11.1399
TTO,Trinidad and Tobago,33.8432,32.9728,32.1792,31.4759,30.846,30.2892,29.8167,29.4197,29.0884,28.8344,28.6061,28.4301,28.3528,28.2661,28.2091,28.133,27.9361,27.675,27.2673,26.8061,26.1889,25.6028,24.9021,24.2051,23.5421,22.8904,22.1972,21.5348,20.8473,20.2287,19.6433,19.0289,18.46,17.9114,17.3937,16.8127,16.3318
TUN,Tunisia,70.9138,67.0902,63.678,60.6272,57.9181,55.4168,52.9824,50.5863,48.0869,45.5242,42.777,40.0374,37.2892,34.6571,32.2149,29.9632,27.9667,26.2079,24.6501,23.2749,22.0745,21.0292,20.1645,19.4396,18.8574,18.3871,18.0161,17.7222,17.4929,17.3033,17.1734,17.099,17.0578,17.0079,16.862,16.6146,16.3213
TKM,Turkmenistan,95.5869,91.3182,87.3597,83.9843,81.2938,79.3523,78.5414,78.4862,78.9184,79.5514,79.9404,79.5081,78.3174,76.1976,73.2902,69.8281,66.0584,62.258,58.6407,55.2335,52.2366,49.6299,47.4467,45.6311,44.2023,43.2269,42.5981,42.1744,42.0822,42.1502,42.4388,42.8363,43.1527,43.1769,42.7985,42.2162,41.4278
TCA,Turks and Caicos Islands,19.2528,18.0559,16.9637,15.9523,15.046,14.2158,13.4512,12.7522,12.1167,11.5154,10.956,10.4513,9.9747,9.5225,9.093,8.6898,8.3123,7.9537,7.6281,7.3232,7.042,6.789,6.564,6.364,6.1803,6.0039,5.8388,5.6953,5.5534,5.4115,5.2735,5.1505,5.0269,4.9009,4.7654,4.6304,4.4894
TUV,Tuvalu,55.3378,54.6501,54.1148,53.6583,53.2655,52.7926,52.2032,51.516,50.6951,49.7429,48.6367,47.3809,46.0251,44.6397,43.316,42.1659,41.1508,40.3196,39.5589,38.7297,37.7784,36.6425,35.3725,34.0477,32.6592,31.3333,30.1115,29.0185,27.9962,27.0823,26.1029,25.2594,24.3409,23.5724,22.6786,21.9277,21.2541
TUR,Türkiye,98.5331,93.2482,88.189,83.3378,78.6995,74.168,69.7701,65.4956,61.4259,57.5464,53.8299,50.3042,46.9492,43.7363,40.7313,37.8811,35.1977,32.6846,30.3363,28.1474,26.1087,24.2457,22.4976,20.9144,19.4568,18.115,16.8886,15.7705,14.7439,13.8144,12.9514,12.1509,11.4059,10.7122,10.0664,9.4919,8.9802
UGA,Uganda,197.245,193.8156,191.4393,189.2861,186.4685,182.862,178.8197,174.6351,170.7534,167.6181,165.2604,163.065,160.4181,156.7152,151.9165,146.1034,139.2745,131.5762,123.475,115.1639,107.1844,99.7898,93.0976,87.0326,81.6956,76.3968,71.5959,66.7119,62.4634,59.1217,55.9756,52.7092,50.1742,47.7375,45.5599,43.6735,42.1282
UKR,Ukraine,21.8766,21.1086,20.424,19.8555,19.4107,19.1868,19.1735,19.325,19.6133,19.9159,20.1464,20.1832,19.9846,19.57,18.9721,18.2449,17.4516,16.6487,15.8599,15.1475,14.5065,13.9476,13.4278,12.8745,12.2977,11.7183,11.1597,10.6464,10.1919,9.7923,9.4483,9.1504,8.896,8.6817,8.5003,8.3515,8.2232
ARE,United Arab Emirates,22.7392,21.2009,19.8143,18.6034,17.5112,16.5438,15.6829,14.9208,14.2341,13.6204,13.0878,12.616,12.1906,11.8126,11.4645,11.1486,10.8645,10.5892,10.3222,10.0687,9.8275,9.6116,9.3998,9.1717,8.918,8.6573,8.4064,8.1768,7.9698,7.7864,7.6064,7.4165,7.2108,7,6.7872,6.5793,6.3718
GBR,United Kingdom,11.3811,11.0903,10.7707,10.3764,9.8802,9.2966,8.7056,8.1771,7.7404,7.4119,7.1864,7.0256,6.8915,6.7701,6.6567,6.548,6.4434,6.3452,6.2489,6.1486,6.0373,5.9068,5.7501,5.5721,5.3733,5.1667,4.9684,4.7923,4.6465,4.5407,4.4745,4.4324,4.3997,4.3643,4.321,4.2607,4.1854
TZA,United Republic of Tanzania,177.8769,176.3859,174.2356,171.7356,169.1488,166.8674,164.9304,163.3013,161.5503,159.4918,156.9161,153.7604,149.5746,144.0526,137.3372,129.8521,121.9209,114.0326,106.6689,100.0417,94.045,88.9111,83.9045,79.6133,75.2506,71.7395,68.2078,65.1818,62.5193,59.8412,58.0206,55.8152,53.9009,51.8768,50.4443,48.9965,47.1164
USA,United States,12.7055,12.4136,12.1376,11.8603,11.5597,11.2268,10.8715,10.5025,10.1328,9.7843,9.4649,9.1842,8.9486,8.7532,8.588,8.4487,8.3297,8.2292,8.1401,8.0539,7.962,7.8608,7.7434,7.6139,7.4759,7.3366,7.2035,7.0821,6.975,6.8797,6.7922,6.7072,6.6208,6.5311,6.4398,6.3457,6.243
URY,Uruguay,28.4775,27.4327,26.2419,24.9838,23.8467,22.9461,22.2594,21.7791,21.4122,21.0343,20.5674,19.9647,19.1921,18.3602,17.6176,17.043,16.5895,16.2027,15.7831,15.1979,14.4293,13.5657,12.7055,11.9223,11.276,10.7745,10.3752,10.0323,9.7012,9.3371,8.9092,8.4277,7.8991,7.347,6.801,6.2845,5.8231
UZB,Uzbekistan,84.2893,79.7047,75.9577,73.134,71.2431,70.2865,70.0773,70.1558,70.1912,69.8728,69.4068,68.5962,67.3603,65.6928,63.3915,60.5001,57.1166,53.5098,49.8539,46.215,42.7021,39.3665,36.1861,33.1922,30.5062,28.0434,25.798,23.7996,22.0595,20.5201,19.1876,18.0205,17.0149,16.1661,15.4246,14.7259,14.0661
VUT,Vanuatu,47.6058,44.5915,41.9209,39.6586,37.7041,36.011,34.5096,33.2607,32.2252,31.3787,30.7276,30.2218,29.7924,29.4473,29.1137,28.8465,28.5651,28.3932,28.2788,28.2394,28.2448,28.2957,28.4363,28.5307,28.5774,28.6464,28.7084,28.5854,28.2956,27.8406,27.2986,26.68,26.0222,25.3319,24.6714,24.011,23.2141
VEN,Venezuela (Bolivarian Republic of),36.2501,34.936,33.6245,32.2637,30.8844,29.6197,28.5913,27.8114,27.2484,26.8054,26.279,25.4711,24.4583,23.3781,22.3691,21.5129,20.865,20.3334,19.7826,19.1451,18.4973,17.9132,17.4557,17.165,17.0542,17.0731,17.1654,17.3363,17.6206,18.0026,19.1425,24.2224,24.2296,24.2297,24.2297,24.2297,24.2297
VNM,Viet Nam,61.9697,60.3311,58.4775,56.4042,54.105,51.6744,49.1336,46.5616,44.0082,41.5539,39.1843,36.9835,34.9701,33.1249,31.4612,29.9998,28.6981,27.6093,26.6556,25.8302,25.1209,24.5471,24.0694,23.6682,23.334,23.049,22.798,22.5605,22.334,22.1078,21.8924,21.671,21.4593,21.2525,21.0635,20.8524,20.6016
YEM,Yemen,154.5297,147.1474,140.7947,135.352,130.5996,126.3982,122.7706,119.5892,116.8487,114.3879,112.1386,109.7754,106.9599,103.5593,99.5323,95.096,90.4607,85.8913,81.4336,77.1716,73.119,69.3094,65.7348,62.5643,60.2123,58.9176,58.6536,58.8834,58.4959,58.7953,60.7858,60.4594,60.2612,61.6729,61.595,59.6857,61.9089
ZMB,Zambia,167.738,171.9575,175.7664,178.8577,181.0278,182.2758,182.9471,182.7424,181.177,178.1815,174.7892,171.6142,168.5957,165.4354,161.5946,155.661,146.9519,136.4876,125.9546,115.7624,106.7285,98.9157,93.3373,88.4784,83.2736,78.7373,76.5463,74.5472,71.9971,69.5131,68.2222,65.3261,64.1508,64.2227,62.5853,59.6699,57.6918
ZWE,Zimbabwe,82.9172,78.4785,75.8726,75.1776,76.578,79.6011,83.5235,87.5936,91.6591,95.4889,98.6507,100.404,100.7561,99.9538,98.1922,96.1746,94.5176,93.4115,92.6038,92.8692,93.6508,95.5908,96.2312,94.7033,91.2502,86.1062,80.5877,72.1463,66.2226,62.6086,60.4718,57.8704,56.1751,53.6877,52.6659,51.7696,49.522
